,AA,AU,AC,AG,UG,CA,CC,GA,GU,GC,UCC,CUA,CUC,CUG,GGG,AAAC,AAUA,AAGA,AUCU,AUCG,AUGG,ACAU,ACCG,ACGA,AGAG,AGUU,AGUC,AGGU,AGGC,UAUA,UUAC,UUUC,UUCG,UUGU,UUGG,UCAA,UCAU,UCUA,UGCU,CACA,CAGC,CUAA,CUAU,CUAC,CUCU,CUGA,CCAA,CGUU,CGCU,CGGU,GAUA,GAUU,GACA,GACU,GUAA,GUCG,GUGG,GCAA,GCCU,GGUU,GGGC,AAAGC,AAAGG,AAUGU,AACAA,AUUCC,ACAGU,ACUGU,ACCAU,ACCUG,ACGGG,AGUGA,AGCAU,AGCCA,AGCGC,UAAAG,UCACC,UCAGG,UCUAC,UCCCA,UGAAA,UGAAG,UGAGA,UGAGU,UGAGG,UGCAG,UGGUA,UGGUC,CAAAG,CAACC,CAAGC,CACUU,CACUG,CAGAU,CAGGG,CUUAG,CUUGA,CUCAG,CUGAG,CCCUC,CCCGC,CCGAA,CGAGC,GAAUU,GUAGG,GUUGC,GUCUU,GCAAC,GCUGG,GCCAC,GCCGG,GGAUG,GGUGA,GGCAA,GGCUU,GGCCC,GGGUC,AAAAAA,AAUUCC,AACCUG,AUAGUC,ACCUGA,ACCUGC,ACGAGG,ACGCAA,AGAAAA,AGUCAG,AGGCUC,UAGAGG,UCUACC,UCUCAG,UCCGAG,UCGGCG,CUUAUC,CUCAGG,CUCUCA,CUGAGA,CCGAAG,CGCAAA,CGCUAA,CGGCGG,GAAAGG,GAGGGA,GUGGAG,GCAACC,GCUAAA,GCUGAG,GCCACU,GCCUCC,GCCGAA,GGAAGG,GGAGAG,GGCUGA,GGCGGU,GGGAAG,GGGUGC
RF00050,0.4303573751408565,0.49859938555201205,0.3543864467141629,0.6310009152721155,0.5427777922303666,0.5241195075904874,0.578593436184165,0.7648729885662812,0.7404111736801273,0.574086958392059,1.0,0.11010937440413672,0.24946607682277597,0.2976291778024475,0.8560783264654275,0.18058890353632207,0.1371048499235569,0.6242456098612471,0.8481308107177461,0.11552258118072425,0.8356377498262605,0.14603526806839012,1.0,0.20636200096181057,0.41431638326057196,0.2076522673201905,1.0,0.1429054761597571,0.16233733128533612,0.33382543976025203,0.22107683418611992,0.2931976597096749,0.43994190960894597,0.13419640611386638,0.343968460050685,0.22534156352531937,0.14521863806438368,0.1521723497186099,0.1295042321644498,0.17338305743006135,0.6729569928305517,0.050330713979923204,0.08517120971776353,0.1380461978651712,0.0515918735196482,0.16193259541778368,0.27000748208377806,0.19690786037291605,0.1634050170165141,1.0,0.3624650407161278,0.5930701651132679,0.645305970162098,0.2628205152914139,0.8780840351642287,0.19254908734957105,0.37826735001862555,0.2738283338270395,0.1229181383698092,0.4059251565818717,1.0,0.17997170354127595,0.09053151779612006,0.08420149902852067,0.033977817315603606,1.0,1.0,0.01366670012736554,0.07073760580411124,0.09662738013723578,0.18776639387114194,0.4345081442492354,0.06055992319033291,0.15324620736504374,0.32084431313093204,0.5947282001927904,0.017211240208190946,0.5164808502915281,0.020183728087015823,0.2345510087188952,1.0,0.2799223679798401,0.397343881294448,0.12494961708988311,0.09189842805320436,0.16577062598828016,0.38089480048367597,0.09839782345828296,0.11735434969353493,0.06988190621107104,0.1974203950020153,0.3091320119867515,0.04082976721485042,1.0,1.0,0.05441354292623943,0.15676790667899565,0.27477730826169616,0.03686824648202836,0.04723705036324849,0.5473575365231823,0.19034474831375858,1.0,0.8686139661426844,0.12112748074650388,0.058162031438935904,0.895644104496499,0.030621920832486393,0.04325578257417316,0.04781202000065362,0.16327755060597948,0.9862361353695492,1.0,0.03296351830007861,0.07000497901699979,0.06607887584123302,0.5713735500918089,0.007681911942527917,1.0,0.012953882578462457,1.0,0.007650404982629892,0.05017823500195944,0.02141054623836812,0.019838431655046437,0.10665054413542926,0.05378040943337195,0.005302521384746294,0.01936284388805905,0.004436215235792019,0.270064340842253,0.07313180169286579,0.06863762226054107,0.023958831303956582,0.23871636581398292,0.007928329180399001,0.0063365720809292776,0.07845264175094736,0.007257209587384672,0.0127383959677709,0.7429195216982399,0.043490750699793565,0.01135239389608962,0.037014242373777234,0.018478464499208067,0.006045949214026602,0.013076679039551273,0.02264299394900724,0.011902962515114872,0.04615159918070884,0.06707961976155588,0.08815725328734036,0.1643614144074895,1.0,0.028910011948799042,0.16511199401163126
RF00059,0.2681899769968135,0.3900105689070409,0.40591397998510725,0.35932545097547286,0.5263796235588368,0.29625301937382764,0.3514055859472086,0.5629561861988343,0.32406454688186787,0.438387940367603,0.1762640981790779,0.17896333691013577,0.14616175191335437,0.6494922699509703,0.8425291618074164,0.22389502531941213,0.3100300986086214,0.1765922225113505,0.687246236380487,0.11750821599224479,0.2479296013104623,0.3039021211346326,0.44638532652745216,0.12338314745797836,0.2807945078863485,0.2170589227884512,0.14919555055365175,0.028633076310268044,0.17677973449733544,0.1827575514988853,0.2502401260589395,0.17430190182872368,0.21734722788567215,0.21906504367495414,0.32688727357484715,0.2913440996279896,0.3642624424014261,0.13463227729030416,0.3517836142689141,0.29959312289035,0.5200523493951732,0.10566576565833075,0.10919039535268465,0.06673362594623294,0.09550778353792373,1.0,0.1674347705632085,0.31094608110589095,0.17173398965204822,0.11399372941638584,0.5783975334012514,0.3496798062880078,0.19680556811843392,0.24474016640077015,0.3650137606343539,0.340077387285765,0.1752923662404099,0.06637744353418923,0.16945732111199271,0.17761592458465897,0.4914374042265065,0.08303918728151745,0.14316636272220612,0.08199456746096447,0.16640412198901483,0.062330891322613796,0.04490422409865766,0.033187409444439306,0.1746373970991768,1.0,0.6349717043921499,0.18468535983581988,0.06122281536391827,0.08376340767496203,0.09858692301584948,0.0663230222756993,0.08809844391798614,0.048845102037206725,0.031080646749439396,0.06434009366811777,0.07893658064333009,0.16652556749865763,1.0,0.12422143821595018,0.07220830648001116,0.16844073214124175,0.07879263034104272,0.16101528812230498,0.061081312563966685,0.04319958407233538,0.06035541617666275,0.35493327424880267,0.06103480228656622,0.21299862960887161,0.2460383020812511,0.10466483731869855,0.6904789355961906,0.02058904177919261,1.0,0.1180630583256048,0.06971382631259465,0.07146169798781862,0.07627919846888187,0.4368017444139553,1.0,0.08412387299098392,0.2367516614551521,0.014211892187307989,0.16762760711527755,0.06951522278844897,0.291725142961449,0.11212257599295361,0.0639332126609204,0.017271119341463533,0.08832522424885281,0.05258099207650804,0.2574923414202128,0.0311296608019923,0.03781408345150118,1.0,0.027209905928647908,1.0,0.13217027746620588,0.008097847391474783,0.014032044171246986,0.11854174833398667,0.04512559177396496,0.008165280137055912,0.012554348800803477,0.010067130537044297,0.005772609143836114,0.03753822030576245,0.014274481059753805,0.022595292813082465,0.007268546809676599,0.01079508372214735,1.0,0.022009581934396064,0.01882152043517718,0.010840245137802686,0.09775687094385643,0.09187167419991293,0.19413550349725114,0.033998643246631,0.021394537353481926,0.012152097216777734,1.0,0.013457684303810195,0.02443894551156409,0.037091943694722865,0.0859497149587082,0.028627175855071782,1.0,0.01224269612888021,0.17008876899417563,0.4933172798715723
RF00162,0.3941286598873768,0.44289809392937435,0.2801234564387742,0.5613779437894575,0.4907555355410567,0.5430285365665424,0.4258010466947146,0.6343340915951461,0.2472171799289171,0.47066190814861214,0.3634876503541569,0.34730672000444485,0.23898408812729502,0.3706847334163307,0.41213249931565005,0.24165187160827686,0.13467421229733864,0.9093789207463449,0.3371102373068432,0.14073014464596761,0.3930423837322859,0.33187754771599937,0.3813543180792943,0.17315184066757336,0.8513465225166467,0.11398570272127644,0.10715499688693692,0.43066578128822564,0.22241644461362772,0.1592121974462112,0.1013737598001804,0.19511218878344203,0.0,0.07781666990767748,0.27829013392393676,0.7121555733993069,0.31329412204358226,0.13474534227899063,0.49953051643192486,0.06502036099938709,0.9597611918228531,0.4187082919953846,0.30168467492411155,0.20819734175647853,0.24257958801498128,0.22758247318109273,0.49966957168229315,0.18931718550301915,0.0998424900877383,0.2009202765535826,0.7690735872990964,0.20144428518010718,0.3386192928566178,0.7021675264636378,0.11000343674748987,0.15655839800709015,0.6512160908948492,0.6968229172615051,0.11046693486024102,0.03161900697111966,0.21288278915919762,0.06744959426356874,0.2721984078383343,0.08559320524919428,0.18328453414200568,0.40485196700719744,0.03771134691029057,0.05158181040205863,0.46478873239436624,0.2657441974470653,0.16796216430492072,0.24993095829881248,0.08960741191334053,0.08821194027780667,0.03808440276774343,0.14803435011432037,0.010659063074096756,0.04501965307035093,0.07183543599670694,0.05754262416604893,0.4406138199057357,1.0,0.33155353969390733,0.2344809598330725,0.3809978515158749,0.38425424340917297,0.08450704225352114,0.12279929577464789,0.1124542360539685,0.8157361593240574,0.0667057902973396,0.475096958562972,0.04623699577597203,0.6136800139681062,0.04885427354413456,0.125,0.4512565589616128,0.05661394680086269,0.2409619737014384,0.06951601206152906,0.07293580460918615,0.09125255962852942,0.12340424584190787,0.37841109154929575,0.055595228677460515,0.026056338028169014,0.3544327983404302,0.9679958314649902,0.057048298373934596,0.0717231315822865,0.09294699494677992,0.06950240537877471,0.05704061687522211,0.45288240489418474,0.056931786799226725,1.0,0.03656755346896192,0.014913007456503728,0.5177759301184061,0.27190800093650264,0.0023277152925546885,0.09059623947388033,0.18061759736156202,0.009236578893651766,0.01575516931375487,0.02711267605633803,0.015353631110673364,0.0411754477482177,0.020674153855595446,0.047366490610328646,0.02448559670781893,0.021690140845070423,0.011313442786898909,1.0,0.002560351133869788,0.0015391380826737027,0.09102946906307746,0.04393305439330544,0.01267967393401505,0.004636731278761679,0.06255216484089723,0.19609368920706557,1.0,1.0,0.9659955035376578,0.13849765258215962,0.11564709342568205,0.00915774452065189,0.007702464788732394,0.02945247860759907,0.12557183347214798,0.04674165408271991,0.11872640219674097,0.011729997305079218,0.06963462232963857,0.027433117221849615
RF00167,0.603920509593346,0.9060154296309414,0.4099954114592352,0.4166681390527879,0.5332593077806265,0.38338025249003677,0.09399005919235941,0.47858811577539045,0.5441614486692109,0.2809289498279884,0.040008967557806176,0.7709986738636833,0.23742959971141359,0.277479906416009,0.37090341239838887,0.29710663225028283,1.0,0.4991599795928107,0.838742920563647,0.19214617917392215,0.9892771738987776,0.4758700432629822,0.4920977647365518,0.26196923523031757,0.4110098220526043,0.6162131829507358,0.2070365689094051,0.2842213213505185,0.17052777752198536,1.0,0.4352615369122448,0.7407671431257701,0.22720453081506692,0.5051832334474995,0.5000481354825478,0.4592703228397508,0.8168232297258204,1.0,0.32078364565587736,0.29533596508575694,0.23078780399468807,0.19500434147637447,0.782441463872469,1.0,0.25258774700278824,0.16004224514804902,0.18563499477935924,0.2941502426918498,0.09127096142273385,0.07089457122140384,0.6519466180743722,0.38956144185976394,0.16002568702832012,0.996275155192816,0.8770389153671052,0.2554207372898052,0.2116530618947269,0.15262490458722666,0.10652351430910525,0.41690297796742015,0.26256001238965465,0.08653767484675302,0.32819791126583214,0.30411981469556354,0.438499212877001,0.06306182963878264,0.15230903816934482,0.3144136324260129,0.3679727427597956,0.08726558705007423,0.2437883543233262,0.5577462671610381,0.07810421819375507,0.06778326065239218,0.054074960113223484,0.19859997430479598,0.10038145322568699,0.03995550257300871,1.0,0.07625750919035237,0.27961018412639144,0.447224886547464,0.12276345296874848,0.6161272004542873,0.26991597609216644,0.2718909710391823,0.16354344122657583,0.4026831345826235,0.07059976740664088,0.02918439065754865,0.07921635434412266,0.6714317457966076,0.06071911151305551,0.29108648823686767,0.06531132596996739,0.07666098807495741,0.5559675318168154,0.04382517449116185,0.06406198035795489,0.030054985388014016,0.0,0.42823501007293696,0.058813831627061997,0.8864991482112438,0.05566649026705409,0.25528109028960816,0.2911929004397607,0.041006080621633544,0.24727464155413062,0.02245345856930184,0.07610179850969478,0.15988390434727742,0.0940174565791349,0.05982756655960528,0.18925744062531313,0.14810694294753676,0.2521105432519402,0.09740454955406352,0.05410978987595145,0.009125094456889653,0.037164135812304155,0.03449068440550553,0.02945584919550004,0.051949855566254345,0.015245206422849685,0.15741056218057922,0.031198996914499472,0.013073380023976277,0.41464853971117116,1.0,0.01045281510926031,0.01717206132879046,0.007298166386097195,0.03068600509272432,0.003716216637235195,0.002233978954749565,0.030352935906570604,0.28269835273320837,0.03067314648432942,0.0022433248435576097,0.010278250993753547,0.27869022184155784,0.05397947259492869,0.25204786338736496,0.050207548527965065,0.013628620102214651,0.010235106535783554,0.005316796137373364,0.005589863713798977,0.3796620030643039,0.020251221298177188,0.14637714147976746,0.032310975725603694,0.008512740804026826,0.022627843916010602,0.03353073199751224
RF00168,0.799105618825086,1.0,0.5980078432666257,1.0,1.0,0.8190451948203237,0.22422647838410995,1.0,1.0,0.7251271163112799,0.17854651387127546,0.6484236053965294,0.1440111907676167,0.7708638447784086,0.9316492828160878,0.3764769343313801,0.691958749442471,1.0,0.9315811258278143,0.43884686481603624,0.8954435395113362,0.6368412208754872,0.24601583266758664,0.28051705133772004,1.0,0.6716840721355394,0.33876088069636456,0.7517869043398998,0.4517912851627138,0.3625376861646172,0.48860963104453603,0.4458931513297247,0.2433203699067938,1.0,0.9316050744622173,1.0,1.0,0.3218537859007833,0.4771428571428571,0.48276167511441376,0.4682628957094649,0.2875422946785605,1.0,0.3184073376644236,0.08756286784376671,0.37497345930670617,0.36698785085881863,0.6020625911171298,0.5418135620533333,0.24772507452239081,1.0,0.5704804045512011,0.3870889238187763,1.0,0.7827768864739107,0.8525336665278357,0.6619175047005312,0.3411866485489592,0.1306953379747951,1.0,0.8016836734693878,0.1036083228639705,0.8012422360248446,0.23010397585077016,0.6703544912684304,0.07211161168434821,0.15395063430777717,1.0,0.3489795918367347,0.10035898696828129,0.22369672182199432,0.7279111644657864,0.21727574750830567,0.2947316592811423,0.4429332282886714,0.23428084484752573,0.5072981366459627,0.15073316543884013,0.056775316761775795,0.18270676691729323,0.440679132553217,0.9253987309209398,0.15686997963027016,0.9560090702947845,0.40484261501210655,0.5929670329670329,0.34285714285714286,0.28469387755102044,0.16183124832532098,0.0368264691438538,0.13496598639455784,1.0,0.2718142223984548,0.4602968460111318,0.24589809433707258,0.17142857142857143,0.529171668667467,0.08312621957481771,0.190822018050248,0.010287041645926663,0.022664748832742335,0.9617767633110984,0.057646284320179694,0.8080357142857143,0.3179576628689007,0.8230612244897959,1.0,0.13065732359520602,0.7871594989927302,0.08803088803088804,0.14089422028353327,0.218896447467876,0.31939588584437756,0.07636770305856921,0.22352941176470587,0.04055453085024097,0.4450793650793651,0.038895558223289314,0.03841263390135571,0.01093149070651883,0.20236871727108108,0.05164804016844833,0.035286905056650046,0.0120452528837622,0.03652627008250108,0.1457142857142857,0.10678607107178535,0.013424036281179138,1.0,0.007487244897959185,0.020035273368606703,0.02057142857142857,0.021857263615505374,0.05146481425551193,0.03561500679276832,0.021409724839804,0.0342226619489209,0.6111177525403467,0.053892927033827226,0.042998585572843,0.012312925170068026,0.6961325966850828,0.07664024287400911,0.8225345227911524,0.0668295487208968,0.02857142857142857,0.03433147163717112,0.012738609520972102,0.0,1.0,0.04852027306951025,0.319970032076004,0.30320663581417695,0.08158332819532647,0.08312884917280522,0.07029478458049887
RF00174,0.8011439417840125,0.6934656564315044,0.9933558852247485,0.8093497468069155,0.9208105771136617,1.0,1.0,0.9551120651804573,0.8941342572831084,1.0,0.8471472786465934,0.2661822052957541,0.39370710360077227,1.0,1.0,0.5485757220130649,0.47146223483086586,0.6090534217810086,0.6774177689443136,0.344376534565214,0.6710604147221794,0.5735757210094229,0.5931943455250865,0.42147022813187124,0.28824137626097807,0.3320476260896308,0.6195713534687269,0.39412564801741695,0.5166141537461284,0.25394336758351194,0.3865864356733857,0.5421408877716318,0.49571962271881626,0.4399076528285313,0.5883211523037783,0.6923252355135788,0.4580326776629746,0.21604111847477786,0.44670898763782163,0.5322709010195912,0.9056696596520489,0.2256393802292502,0.2685378843080146,0.17847732506817554,0.1831481947265217,0.3300934879146365,0.35809459609078076,0.46699542437417824,0.5227513276423221,0.7063259556052746,0.5516787701169643,0.4183596533504431,0.4289496145759263,0.37852321658836074,1.0,0.6332599194037789,0.3937205855039437,0.6840906705248246,0.42698437006933504,0.5713907162689955,0.5673803268231936,0.21567585282244475,0.4322694983948053,0.1742489745351881,0.35696785475845744,0.1397016911960393,0.1689606830351902,0.9630247509060449,0.34881389909789506,0.6821999659177975,1.0,0.4037558224091508,0.1353024166021936,1.0,0.13212593884231547,0.20563917711131402,0.18039919231830795,0.3805405432440171,0.04833394824891571,0.14528636995093816,0.5266722260617239,0.45849278568761287,0.21893923234565524,0.711215057356053,0.2009887477560636,0.32131383484540854,0.19144670898763783,0.3909956565319078,0.16983504325033913,0.07954218983768664,0.2824145227753648,0.8221357079562457,1.0,0.3562361764226722,0.23056447383851503,0.0841964584029402,0.4973958845148484,0.07592410087952647,0.17623711635249847,0.12715305903476676,1.0,0.2587816085811278,0.46925748948685453,0.8976674741062479,0.3211540051721698,0.18543267624457063,0.5444486748148781,0.5192686803966765,0.21551717957064337,0.9295744123675965,0.6214398481954077,0.2777344668423853,0.4747382005556125,0.10110335003318371,0.21904836776006759,0.2485624864236182,0.22900842707057206,0.051207719974057105,0.07821616964001828,0.14898858491335426,0.047708442000158634,0.03720453545044257,1.0,0.03352387454785804,0.041859374000327,0.10243902439024391,1.0,0.02673893405600723,0.030495993920454916,0.009806214500501169,0.0192704788539514,0.05837621115937186,0.04258259410023784,0.026480392233039884,0.026602672756793407,0.02497383957466278,0.039569595558631605,0.1425703209860665,0.041308143659406195,0.029038052485502477,0.06081040947395775,0.06279846344970677,0.13723481511957653,0.0656261816493975,0.0459522924382244,0.022051453391246242,0.038541177648143986,1.0,0.04165970598062145,0.07767534150920447,1.0,0.09037358248253032,0.06917855831305679,0.0701213203416229,1.0,0.09535476959466267
RF00234,1.0,0.8574081885906892,0.848040622080023,0.8364545034969261,0.5933893056891021,0.7894188504859606,0.3552458710398795,0.9503926088370204,0.7030057194235908,0.6588208990697183,0.28267920318545775,0.36050355680045354,0.39778667406019874,0.3750344484530079,0.6800226374555391,0.6708887817555246,0.6327235347548384,0.5743714824680873,0.703917941165709,1.0,0.3855315019281684,0.6318890186825648,0.45479227699022834,1.0,0.43863733881653316,1.0,0.2521990534466029,0.5310820777867651,0.25315024637897565,0.454248335815623,0.5154505620118118,0.7149280493687823,1.0,0.4593707642516037,0.44494821290401404,0.49293004963011516,0.4869598926300428,0.28502909888813555,0.3287292817679558,1.0,0.6473223996171749,0.30474601100213955,0.2600647821642297,0.27840413729561886,0.27410815900014485,0.2792032006558324,0.20735244082241053,0.42206553818981474,0.06917017501201388,0.2961071856812267,0.5993218321816792,0.674888769373686,1.0,0.7827269252919616,0.8042714608283111,0.4398842409892134,0.5120090541234913,0.3660421350985282,0.4389896421620921,0.8411703239289445,0.43094550477147164,0.7358122929748143,0.4439106413644006,0.1264711428990508,0.9397019936992426,0.0976096401252227,0.20838621770942214,0.08669502734378835,0.3729281767955801,0.06792251880449977,0.23550637073340713,1.0,0.13650630495034968,0.16283517087355925,1.0,0.6202510787251624,0.02729401873648811,0.05635574976655193,0.1306459637087272,0.153096830473975,0.2348372057821842,0.3296346162774502,0.090243572535922,0.5518723143032536,0.16368573836501546,0.327836804079898,0.23204419889502761,0.2569060773480663,0.6615197064940802,0.08373054271716848,0.16556169429097606,0.9416286331972135,0.04663842194292996,0.49089082690288116,0.1815520837144634,0.26519337016574585,0.44458888527786805,0.08290867494667774,0.10107195527283133,0.11835781341238825,0.018039391530885813,0.13811246447273046,0.17339889083418075,1.0,0.053732769862535106,0.11243093922651932,0.5036618270589747,0.11122916861227594,0.14914755886467645,0.10591807276890149,0.22997764750537725,1.0,0.34131430080781844,0.11972958367759771,0.31121221969450763,0.06861781808224474,0.2008184980560671,0.10968475788105297,0.01949812563363014,0.02959353837676368,0.010956980272135881,0.0419461983688503,0.009552808551247802,1.0,0.02472081814975902,0.1856353591160221,0.04336340455124985,0.03028442807448332,0.07077600837756833,0.010134668508287292,0.03389946115544642,0.0,1.0,0.09951759662668053,0.0180780593872132,0.014490007142961267,0.017371309759984018,0.02068008969231836,0.02652690532051767,0.0,1.0,0.019230182228869692,0.12319072188484544,0.3241472855394184,0.03015329546338806,0.011049723756906077,0.019916047082336834,0.0,0.29911947513812154,0.02013303470564176,0.10946102119732973,0.10337761283724436,0.08732294084221624,0.006901904491662633,0.07338422308673052,0.1427255985267035
RF00380,0.771268169559145,0.7771299515610605,1.0,0.8249748621683854,0.7806757708885063,0.8452207821950445,0.386351865615742,0.7746139116283369,0.8703158072953795,0.6723569327716257,0.4142241795044266,1.0,0.698228032596792,0.555864471396641,0.4067578851801206,0.7700277953975612,0.46427162660398325,0.444089467624543,0.8650920943708608,0.43360652394536503,0.8147149460708785,1.0,0.30708512830118,0.7018057110862262,0.4173782260192214,0.33703539539942057,0.17940954536879836,1.0,1.0,0.5580939974861754,1.0,0.3640965056793549,0.2341297979851432,0.7142385150404459,0.3921666882193199,0.9275808936825886,0.3043926886792453,0.5917682042355672,0.769078947368421,0.8066439889769206,0.38541234977206795,1.0,0.7312889812889813,0.7849064129608412,0.29001638576779026,0.31729459806340166,1.0,1.0,0.27272932284803947,0.22495474748400895,0.9633851341445536,0.7477876106194691,0.7931377302579555,0.48812559770481345,0.4026361210702248,1.0,0.6332532357599256,0.1618445355437427,0.10497499918828533,0.9307732497387669,0.10510616028708135,0.5459668638160943,0.08409610983981693,1.0,0.22043291854020705,0.11623253199121915,0.34004934210526316,0.10662604722010662,0.6217105263157896,0.033700591841048406,0.520814370616266,0.2101393188854489,0.059800664451827246,0.1454268055663531,0.026290566116507555,0.5921893570739803,0.12432065217391305,0.06933963082205952,0.32029496133699176,0.1823060941828255,0.06379884643114636,0.5024325519681556,0.23388591535335515,0.27192982456140347,1.0,0.3769230769230769,0.21710526315789475,0.5098684210526315,0.4189022659494653,0.01283581390499087,0.07478070175438596,0.2803203661327231,0.2221461676755348,0.6295128316659417,0.25942837225514115,0.05921052631578947,1.0,0.11988251541866889,0.13372824491507654,0.041452717158750534,0.03256324886046477,0.24631709490320847,0.020648157395386,0.8930921052631579,0.632481292905825,0.2799342105263158,0.2623929008567931,0.03616613087213523,0.48311497628190647,0.24436936936936937,0.09351145038167938,0.14701104613385313,0.7315802579157056,0.0,0.7102941176470589,0.0735384379315636,0.4953460038986355,0.026122291021671823,0.030957550348132065,0.035239673988119904,0.026094913542849926,0.00832484857978279,0.011375383866946396,0.09707522883295194,0.02943729003359462,0.02763157894736842,0.08606114280456385,0.5553606237816764,0.010534915720674233,0.036204769736842106,0.032293697205977905,0.011052631578947368,0.014092183120523202,0.0,0.007175720940977169,0.00862727398972365,0.04137114561259352,0.09029398810834618,0.1816307678442682,0.017326732673267325,0.006615497076023391,0.030532131433556264,0.04632448890822097,0.7048534509927514,0.0,0.4605263157894737,0.1185790961152292,0.2463915262609077,0.0,0.13559898178446286,0.03475867515213453,0.045028707022397044,0.09358491488945411,0.01643743043409127,0.017477032077234507,0.04046574770258981
RF00504,0.32530174706720655,0.15604331927586504,0.34582174802705923,0.47491803071872685,0.2081444211336921,0.5082922016831681,0.3103528848023217,0.506114126696205,0.15961035016097838,0.49268527818079183,0.08649049918940102,0.05278373099574695,1.0,0.1962761841670356,0.5651022862499484,0.39311501346568,0.11569597729813844,0.22516532824510924,1.0,0.1308689076612201,0.24171531500249574,0.20760386460443575,0.7741374223991638,0.16564164034946174,0.6579166085889713,0.1040257869495144,0.11212508023048687,0.26097414927946505,0.5486118005329274,0.09218198071223274,0.12933958430385267,0.19057010928834953,0.00019257429271506471,0.05656311815158385,0.11450026942984688,0.18467559336501801,0.00794468066259193,0.04796986152482052,0.09483568075117371,0.19780533008592374,0.3929086328997608,0.037856999476609476,0.09657599094218813,0.08330549530895984,1.0,0.05161237532962242,0.1272975093965553,0.15973904600246536,0.20097915028889138,0.11719953454358399,0.18903579321798947,0.10301632805683661,0.6187345486806654,0.3428861341462867,0.35455607835241815,0.24550021215729753,0.13391242545656767,0.6139242881380544,0.09062394105533882,0.09083059835852453,0.5691581306017925,0.17871527540218482,0.3998775260257195,0.025566801567941153,0.0,0.023698651727250584,0.0337294034477133,0.05752633768252232,0.19919517102615694,0.030233341144591783,0.5819965571659867,0.13567680593364106,0.049599925132188485,0.08005789537817748,0.1472821593761405,0.0923024298325102,0.23354255970606247,1.0,0.027054904466292225,0.10579265064068623,0.1358800789078896,0.27531012404961985,0.03286536545070801,0.02541172963708175,0.05788402732780866,0.17016973636691948,0.06639839034205232,0.11955063715627096,0.08966797575569292,0.167968721389964,0.13306505700871898,0.14288630332720964,0.030195589078185824,0.3025425278946406,0.14546084453742322,0.04124748490945675,0.16191265238489763,1.0,0.012269633738687103,0.06338846084637909,0.14658572866300254,1.0,0.10524882374576365,0.2807260228034876,0.058758883953282735,0.07568745808182427,0.1566764930669287,0.3231369272707002,0.09231353787963835,0.11652497567990525,0.20427910977314268,0.08167937667155194,0.11988197444961934,0.33859804574680086,0.09759734879867439,0.15243648479800084,0.18109645527485904,0.017043437093147117,0.018146813550816515,0.015268161902297423,0.006650615121584824,0.0008486767163829539,0.028991588661566942,0.025730469775172776,0.025008205259928366,0.04225352112676056,0.024565809777077386,0.02205827557940234,0.0075178741293074345,0.018454476861167003,1.0,0.011267605633802818,0.021549414832188397,0.015705225007550592,1.0,1.0,0.004217581578212083,1.0,0.05796422369835451,0.010598242922883838,0.04181384603919815,0.05135787098280289,0.02833530106257379,0.01710863986313088,0.21669925657229763,0.014084507042253521,0.008864933990818833,0.018838788728198174,0.022007042253521125,0.743314253355698,0.025690181098358317,1.0,0.018020971762005324,0.018432852907981627,0.022568150520479884,0.030527077810780023
RF00521,0.2709565334990884,0.10204740053360864,0.0811130675749791,0.09348606052184959,0.3190162319314892,0.17665775492168803,0.21498308910361613,0.12701849054994555,0.25867779471600444,0.4710864749803548,0.028704245431674172,0.29805404745928143,0.057173226824711716,0.023985339746518182,0.2719076042007101,0.5551861342696212,0.12421080231934992,0.2616093130356914,0.0,0.07934512398971627,0.0,0.2948134667879891,0.4310587857544217,0.05456973038160048,0.12025636547956264,0.04513497670204335,0.1560083003206942,0.13277561148528888,0.24992123552123555,0.010043959976713004,0.19057002111189303,0.06823896644411688,0.05062676800587836,0.45539771139272844,0.3717647928174244,0.0,0.0,0.0,0.14210526315789473,0.0,0.6790598543603102,0.8650525113151998,0.0,0.0,0.0,0.03961421152292169,0.0,0.7848215192997227,0.642385175769196,0.09504958223119879,0.06157454918633631,1.0,0.11213507436153249,0.0,0.20640385563739935,0.5753158406219631,1.0,0.0,0.08360661060424039,0.0,0.537012987012987,0.048014170174519845,0.5491990846681921,0.04912407440852447,1.0,0.06325579972311246,0.05251727291200975,0.0,0.03383458646616541,0.023108977262433193,0.09157175747099182,0.0400265369305617,0.0,0.6537281164506539,0.06090235504149055,0.5984123068643061,0.0,0.11653719465892354,0.0,0.0,0.07661215661462854,0.05383205913944525,0.028897101510839244,0.051796157059314944,0.0387409200968523,1.0,0.0,0.46616541353383456,0.00879174265753722,0.0317510709738299,0.03107769423558897,0.8009153318077803,0.007052259291286819,0.2569440129248742,0.016471642682866106,0.011278195488721804,0.0,0.03223731507056642,0.0,0.08527416101228681,0.033472559886633495,0.023710243219735666,0.07079368249846628,0.2551691729323308,0.0,0.1112781954887218,0.0,0.0,0.03549646648810868,1.0,1.0,0.10920820569943376,0.42114249767845907,0.014235420174498697,1.0,0.10272035774567614,0.11712614870509606,0.16718266253869968,0.0,0.020136956564639947,0.0,0.0,0.013000438705081595,0.007396207911082052,0.0,0.031578947368421054,0.019671118355328882,0.01648565859092175,0.0,0.0,0.0,0.01263157894736842,0.0080526760688704,0.1354337217250314,0.0,0.0,0.0,0.009381193569698304,0.00902513132145432,1.0,0.015121136173767752,0.017446932247746436,0.017647424345988937,0.07671874296519741,0.03282855024886159,1.0,0.0,0.0938634385755839,0.0,0.011047014452954342,0.0,0.029532819136928054,0.023767597432242316,0.009392817390909297,0.006657916981803621,0.009249313760591956
RF00522,0.3562367427466009,0.0,0.0,0.0,0.0,0.0,0.0,0.0,0.0,0.0,0.10336110757309806,0.4610082743839022,0.1882904936760506,0.0,0.03023375397036915,1.0,0.05640675741397448,0.10850836338022385,0.04716499059766167,0.0,0.08377560919933802,0.14532496351148935,0.0,0.0,0.20041224967420607,0.0,0.0,0.1707048984468339,0.0,0.29625872307929774,0.0,0.0,0.7193933661525324,0.04625836578499299,0.04650104650104649,0.08775133633890694,0.05515883414861402,0.4972135369098912,0.0,0.1300867982461736,0.0,0.39005662075486747,0.45868945868945865,0.04935310408117698,0.3288678503722199,0.0,0.06864342348213316,0.0,0.0,0.0,0.08345082934993178,0.01245493280891511,0.0,0.10509765955520921,0.2170774302825199,0.0,0.23484972602989093,0.07563466400598876,0.0,0.829160055213695,0.011602132435465769,0.0038653268642453854,0.0,0.0,0.09146750012587093,0.0,0.034492826159492826,0.01140854826223363,1.0,0.012648123357628042,0.22553784710447985,0.0,0.022763627414790207,0.0,0.0,0.040098470861146616,0.020933977455716585,0.0,0.03434556199169153,1.0,0.0,0.0,0.0,0.0,0.01590290855827579,0.0,0.037037037037037035,0.0,0.005933743756821493,0.10217309085008729,0.0,0.13150831991411702,0.011579635626433913,0.0,0.0,0.018518518518518517,0.11038489469862019,0.0,0.0,0.591187393355415,0.02305477430287326,0.0,0.0,0.1396604938271605,0.010119311482205422,0.0,0.0,0.004564175638184419,0.0,0.0,0.0,0.0,0.0,0.002987680777363924,0.019317356572258533,0.0,0.0,1.0,0.0,0.0,0.0,0.0,0.0,0.0,0.09206724454951404,0.0,0.0,0.0,0.05930767368675865,0.022646604938271604,0.0,0.0,0.0,0.0,0.0,0.0,0.0,0.0,0.1778285134449518,0.0,0.0,0.0,0.0,0.0,0.040427751695357325,0.0,0.0,0.0,0.0,0.023467874673476347,0.0,0.4398347125084032,0.019512904064742147,0.0,0.0,0.0
RF00634,0.09606447468466413,0.02417791324149677,0.46194995404741274,0.3079210337423126,0.4377199617219509,0.5980033915802222,0.8580112289831826,0.32836790409018046,0.5251964454960374,0.8603920303489014,0.5272577837422369,0.11143151187662712,0.7747009120701228,0.31759188871881916,0.7542673654021792,0.0,0.0,0.45216174838131945,0.027396656697286904,0.1355276914683838,0.027854267110691385,0.0,0.6793722879118357,0.625726202418035,0.18369457491274185,0.18756056439009908,0.1797618221759741,0.07840294564956374,0.19010734088927636,0.0,0.050602256475448915,0.06130626561088377,0.11508612457089068,0.0,0.0,0.6309359312093046,0.45467513694461353,0.05361483103587037,0.46516129032258063,0.11836309490738171,1.0,0.058745199988093,0.04267319428609751,0.06832986823411888,0.06660807055696509,0.10213555446872194,0.2550373663797181,0.08350580684496396,0.2620151763165741,0.41762155100897713,0.12894240273160212,0.0946474450471025,0.3641921709274385,0.25697450821105017,0.02233633933799732,0.653763440860215,0.9168277132906184,0.969793849489492,0.09500308451573103,0.07545757912832439,0.4062243401759531,0.049965054782846255,0.023562412342215986,0.001084784470453898,0.042389856064873686,0.010855511436353493,0.05407585004359198,0.012726334668206276,0.0870967741935484,0.33048322321544243,0.29465428412036887,0.22324478178368123,0.0755546029364484,0.05704483728022109,0.7070674331724125,0.033769946534354084,0.06532258064516129,0.0433192088357957,0.035896651888090506,0.08251273344651953,0.034999103591944955,0.4003252914068854,0.043392260494502156,1.0,0.24100601421541828,0.13200992555831265,0.05806451612903226,1.0,0.05447331040386045,1.0,1.0,0.2061711079943899,0.006051293456394497,0.2425219941348974,0.08480239265114292,0.04838709677419355,0.11537001897533207,0.034577120196655924,0.045898984706335945,1.0,0.19374596140230857,0.008785305662209976,0.19236089857378955,0.0,0.03833913334145248,0.08354838709677419,0.14703675918979744,1.0,1.0,0.0927637314734089,0.4978084215710416,0.1081242532855436,0.5739365120164502,1.0,0.43407969639468685,0.28846045330574627,0.40200716845878137,0.0,0.0,0.0,0.012794925350042546,0.016327444956477213,0.0669312908816459,0.019039270687237025,0.038490048043925876,0.0,0.05063726595984661,0.0,0.01033101412608054,0.0,0.01583432895260852,0.0,0.034548577972895594,0.0,0.021110508058616705,0.016920588986296708,0.006761735627004533,0.01609933864219193,0.01548828988068935,0.01699137655701054,0.253010752688172,0.007485296738549278,0.0,0.03291481553022986,1.0,0.0,0.01550453557807728,0.0,0.031754032258064516,0.0,0.025564444950602172,0.015063931445627982,0.0611823959707399,0.01611928661923789,0.0742679900744417,1.0
RF01051,0.5003926720854309,0.1824754643473587,0.18388259245733013,0.30281439085296913,0.2453670896207785,0.44351362424564245,0.1510159526391995,0.21299624568988854,0.1573909351359755,0.46227078852547926,0.0,0.4755665778154327,0.012490025614745173,0.18241511159592716,0.6257169403038461,0.6352606945188365,0.14857069544927515,0.2668760083778049,0.21925277040368063,0.12844803856355091,0.5692989763687799,0.1447125957125986,0.23586467730390245,0.17005026721237604,0.08235387600208596,0.22399375386884363,0.1725215897412299,0.12171707911066429,0.3359905000578325,0.14188334224069335,0.3021510438992853,0.09686327134453722,0.0030517943192175717,0.11876979177285585,0.14390814105507402,0.17935856546557963,0.02284472317174927,0.4861245922046792,0.10984308131241083,0.2527992587725915,0.7538724207262965,0.5338289414735113,0.46280558513083475,0.2569448554952198,0.019972270752857076,0.10834549883019913,0.22682301362527768,0.05600952433275384,0.054833304619874706,0.12716213856871333,0.4650274114310767,0.1040391097420878,0.3452637530307915,0.13781714450461724,0.20023723975826407,0.33631255640630003,0.0498076076750012,1.0,0.2503517931992808,0.3637749922859864,0.7896235896770847,1.0,0.6785957948272653,0.05369428899657523,0.01425355063343728,0.013201602709688093,0.05779147549832286,0.015102821595667743,0.391583452211127,0.13007178500020053,0.7079829280362453,0.23541998825207688,0.04676281155065616,0.916569211459187,0.018450355350934033,0.46521099871326316,0.03853966383427402,0.06399524003096088,0.0912778630392601,0.04865230122381561,0.3705548070829762,0.09532600486699672,0.06442074948083314,0.12775400221905214,0.08636572450978022,0.08464830461977395,0.1840228245363766,0.07738944365192582,1.0,0.0,0.04864479315263909,0.34950071326676174,0.036126480905864435,0.18037396399476546,0.2593872518918102,0.047075606276747506,0.26147520349081144,0.044343553576025214,0.04929440582889555,0.01797664196328126,0.045665888910864656,0.3936818220099398,0.04253343691717173,0.080688302425107,0.06797555600425947,0.8049215406562054,0.5201871081179711,0.0005732466456195196,0.08850018061261351,0.30595931166544577,0.4084241704870904,0.07172293548898398,0.07637779836431734,0.4958705206290548,0.04464210791306537,0.0248042155521267,1.0,0.0294537215742217,0.005034466105117055,0.15091227006039368,0.036778565735143695,0.005415308063310917,0.05179775364235791,0.008419648948706816,1.0,0.0898716119828816,0.08584015841505142,0.001563903418396999,0.0365490941978313,0.010467189728958631,0.010503513499233898,0.009586305278174037,0.004583477534207262,0.043682688276789734,0.023339006769512047,0.005612035576767453,0.020931478331811464,0.012459188606831841,1.0,0.022542054490755782,0.018647963227135838,0.34922486424287325,0.011718796052864267,0.01091682540767253,0.020242711619216012,0.0884450784593438,0.02571187248147623,0.02671291868163907,0.07723341654778887,0.23213999603190238,0.01507366226283723,0.0,0.033820511324767065,0.014256715697471459,0.010105597244848864,0.0052645880035323694
RF01054,0.63638785157785,0.5019387580543994,0.47742689720867143,0.32092683386762205,0.4578295784971526,0.46227208922621355,0.20046212112501857,0.23809621735893757,0.33329860387580745,0.36497150138792095,0.18924953304553266,0.44164611492129335,0.0,0.11633734331277745,0.0,0.753751911978778,0.21566875620102907,0.16694384034795956,0.019591611479028694,0.14969490554119264,0.03389830508474576,0.7488847954903571,0.16817488561260804,0.3131634323123685,0.0993713582587629,0.6555205516830799,0.028230073391363714,0.034843436133758704,0.07511969111969112,0.5305449581675179,0.82899366643209,1.0,0.09956090933368231,0.19258584939058307,0.8585468585468585,0.5608628659476116,0.09630503144654087,0.07379363697901556,1.0,0.48840280169939143,0.23247094113235844,0.4770107366231636,0.45356895356895355,0.0670457262989574,0.11523096129837702,0.11935832252941848,0.7331378299120235,0.7127034128355132,0.31318916744637504,0.1130295358994078,0.6220984215413184,0.0,0.051117236393212986,0.13388587822760598,0.6867147146678254,0.2954324586977648,0.13247046401980592,0.19098031139656513,0.1449722393584207,0.19261581330546845,0.0,0.1904428834273354,1.0,0.43922701824092464,0.6139286834675312,0.0,0.0,0.0385038503850385,0.0,0.0,0.0,0.2535014005602241,1.0,0.28069681836299265,0.12648258668882675,1.0,1.0,0.03342198790218184,0.0,0.0,0.17386189544310873,0.1136454581832733,0.0457537440588288,0.164021164021164,0.0,0.0,1.0,0.0,0.49839651985601086,0.34755362377531623,0.7873015873015873,0.0,0.0,0.0,0.0,1.0,0.6386554621848739,0.051042415528396834,0.04839688863593246,0.0,0.067420171530266,0.026620136705794134,0.0,0.2693452380952381,0.08406812615986042,0.7047619047619047,0.2713178294573643,0.15538041411732173,0.039852851011649294,0.17117117117117117,0.0,0.0,0.0,0.07931162668649275,0.0,0.0,0.0,0.2647058823529412,0.0,0.0,0.0,0.0,0.0,0.0,0.07102330293819654,1.0,0.0,0.0,0.0,0.0,0.0,0.0,0.0,0.0,0.05193855157278712,0.06244503078276165,0.0,0.0,0.0,0.3762376237623762,0.0,0.05524861878453038,0.0,0.12147134302822925,0.2079141515761234,0.42857142857142855,0.0,0.0,0.0,0.0529674176972161,0.06289665027529105,0.06709860795018621,0.0,0.05948784347575888,0.0,0.0
RF01055,0.5768207220626056,0.540108057250385,0.412270877233496,0.4248774278710164,0.6112053064413496,0.50054441002302,0.5510153716201035,0.46197000045241987,0.5336606584705147,0.5349904667434303,0.7422388570488232,0.5543701870426693,0.9363831089351285,0.33079921826109066,0.4853138753764189,0.6795338835891259,0.3187527211693624,0.3120975651358151,0.9874172185430462,0.09241008342070475,1.0,0.5048787885513069,0.3611555668530758,0.16462239887771804,0.11673202051105268,0.25951430059782205,0.220194572452637,0.3192664539761314,0.19174301158301157,0.21277362804081928,0.2946938775510204,0.3728171334431631,0.13237556881232732,0.4669498811510645,1.0,0.5198767334360554,0.31195951257861637,0.48363214389324044,0.26666666666666666,0.439042944080836,0.4068241469816273,0.6953113327767281,0.40748440748440745,0.2541452062519854,0.29627652933832704,0.12657326590619677,0.1870967741935484,0.37312119848447456,0.23631546270953754,0.19046320303049466,0.7537913958526773,0.2900442477876106,0.18361311312442102,0.28227605992986926,0.24002561576952916,0.2511175898931001,0.4600841024520779,0.2738386984670434,1.0,0.5215256008359456,0.39828463203463205,0.10717686644876631,0.9956521739130433,0.16127867076033953,0.37411900031370915,0.05608680908782638,0.039913127413127414,0.049758822036049755,0.2785714285714286,0.11708548479632817,0.6089521871820957,0.2154761904761905,0.10996677740863789,0.343853602494666,0.034184482888872096,0.31896037494674057,0.2978260869565218,0.15975710217242922,0.09273301737756715,0.42631578947368426,0.19883142298015094,0.1136454581832733,0.08693211371177473,0.2132275132275132,0.04293785310734463,0.30205128205128207,0.31428571428571433,0.31369047619047624,0.09394039956161959,0.014206484707080655,0.1673015873015873,0.5072463768115941,0.0937950485741147,0.26036993309720585,0.5059539577420372,0.1,0.10644257703081232,0.07656362329259525,0.06775564409030545,0.11401471157568718,0.10427757845763842,0.03767773195281631,0.9938646426312461,0.4578869047619048,0.10403430612282728,0.2114285714285714,0.434108527131783,0.11975007777662554,0.2550582464745555,0.2168168168168168,0.17888040712468195,0.08512639623750735,0.12551697970024664,0.07931162668649275,0.17137254901960783,0.08279883381924198,0.2101763668430335,0.03403361344537815,0.01680552733184312,0.04463692038495188,0.018887746945300904,0.012051209372637945,0.032934444719540046,0.004684265010351967,0.0,0.060000000000000005,0.04983349983349984,0.01566137566137566,0.015250544662309368,0.0,0.017530864197530863,1.0,0.010200056353902509,0.0771972213832679,0.05713240673006584,0.04995602462620933,0.01996321947020386,0.017824267782426777,0.02286366601435095,0.03762376237623762,0.06703703703703703,1.0,0.011176702085792996,0.012147134302822927,0.03118712273641851,0.009523809523809525,0.022887647758114082,0.02972342221560157,1.0,0.010079620531932915,0.05031732022023285,0.10278610732278146,0.0225792175606302,0.04164149043303122,0.008433361510284587,0.22260015117157975
RF01057,0.0,0.044271262766444386,0.22273609738249062,0.191941806269781,0.20564063007841146,0.49635282668444286,0.3458406158209204,0.2008311908234586,0.1165579259192512,0.6632125229254107,0.3432862279182888,0.0,0.6983091567699891,0.29944668371704974,0.3345637439542257,0.1340146591530236,0.030197220775379237,0.0,0.08498523357794881,0.1032477524705268,0.12449506517303129,0.19951798932690654,0.28476098874675393,0.19735701331446012,0.0,0.05457615107727975,0.06008427782621332,0.0,0.6680005843681519,0.004404248649834305,0.1264811609639196,0.3177568012823367,0.1908359193700034,0.0895139563778617,0.1189322000132811,0.37254820305667763,0.2429006246812851,0.019503151977042322,0.04256756756756757,0.3576658815205147,0.6679612683549692,0.0,0.012340563016238693,0.04391381819665665,0.0005839406822552949,0.14568311593117708,0.21661250693508757,0.8934435909336833,1.0,0.12503236983467167,0.0,0.12497010284620906,0.19099886300977553,0.17255899508051242,0.0,0.19562419562419564,0.0,0.2782403089637976,0.08870066858962602,0.14441243751588578,0.5714834152334153,0.0,0.0,0.028564594936276354,0.16881293611922077,0.10232053009265624,0.05663349159970782,0.0061838304412561865,0.3648648648648649,0.12460110713122763,0.411454180528443,0.08992448330683625,0.025859746789979356,0.0697000545597296,0.3743778316920834,0.0,0.7585928319623972,0.30200605081745197,0.009398616626104778,0.37446657183499293,0.0237073041730576,0.048376107199636614,0.012984170611289255,0.046546546546546545,0.3742556115437471,0.7742203742203743,0.060810810810810814,0.10472972972972974,0.0,0.08487382584401236,0.09076576576576577,0.21592244418331374,0.044362522974243444,0.16163167299530937,0.11841775550384823,0.0,0.151033386327504,0.20279013736957663,0.17854527834607517,0.05108767303889255,0.3021371041589721,0.018401653751926303,0.05301553925842351,0.22930743243243246,0.04089800732101319,1.0,0.23098680075424263,0.43567697895967106,0.027549008235703523,0.08905527148770392,0.1646379203631112,0.11323823823823824,0.04452460428556046,0.04450171892388333,0.29602543720190777,0.21818611614529984,0.2455955955955956,0.026828298887122418,0.05563992157164277,0.027144073207065335,0.0,0.05129906692406693,0.035048480022483494,0.013293184488836663,0.0,0.0,0.01767742392742393,1.0,0.0,0.012394425675675677,0.0,0.6243243243243243,0.06512873820566129,0.01217073310096566,0.09580557148223572,0.0,0.0,0.01686079384824155,0.01622084413180304,0.008897511372758899,0.07473723723723724,0.0,0.007929417020326112,0.0,0.08112866387514275,0.006756756756756757,0.040594645516925314,0.01054378152918299,0.022170608108108107,0.00039260843089404887,0.035698098804894926,0.015978676416468697,0.02135871931410965,0.033763370621376666,0.0,0.016623766623766627
